CREATE TABLE t1(id INT NOT NULL PRIMARY KEY, data text) Engine=InnoDB;
INSERT INTO t1 VALUES(1, '');
INSERT INTO t1 VALUES(2, '');
INSERT INTO t1 VALUES(3, '');
INSERT INTO t1 VALUES(4, '');
DELETE FROM t1 WHERE id = 4;
COMMIT;
ANALYZE TABLE t1;
Table	Op	Msg_type	Msg_text
test.t1	analyze	status	OK
SELECT VARIABLE_VALUE INTO @innodb_rows_inserted_1 FROM INFORMATION_SCHEMA.GLOBAL_STATUS WHERE VARIABLE_NAME = 'Innodb_rows_inserted';
SELECT VARIABLE_VALUE INTO @innodb_rows_deleted_1 FROM INFORMATION_SCHEMA.GLOBAL_STATUS WHERE VARIABLE_NAME = 'Innodb_rows_deleted';
SELECT VARIABLE_VALUE INTO @innodb_rows_updated_1 FROM INFORMATION_SCHEMA.GLOBAL_STATUS WHERE VARIABLE_NAME = 'Innodb_rows_updated';
SELECT VARIABLE_VALUE AS should_be_0 FROM INFORMATION_SCHEMA.GLOBAL_STATUS WHERE VARIABLE_NAME = 'Innodb_buffer_pool_pages_dirty';
should_be_0
0
SELECT VARIABLE_VALUE INTO @innodb_bp_writes_1 FROM INFORMATION_SCHEMA.GLOBAL_STATUS WHERE VARIABLE_NAME = 'Innodb_buffer_pool_write_requests';
SELECT VARIABLE_VALUE INTO @innodb_max_trx_id_1 FROM INFORMATION_SCHEMA.GLOBAL_STATUS WHERE VARIABLE_NAME = 'Innodb_max_trx_id';
SELECT MODIFIED_COUNTER AS should_be_0 FROM INFORMATION_SCHEMA.INNODB_SYS_TABLESTATS WHERE NAME LIKE 'test/t1';
should_be_0
0
SELECT ROWS_INSERTED, ROWS_UPDATED, ROWS_DELETED, IO_WRITE_REQUESTS, INNODB_PAGES_WRITTEN, IO_INDEX_INSERTS
INTO @table_stat_rows_inserted_1, @table_stat_rows_updated_1, @table_stat_rows_deleted_1,
@table_stat_io_write_requests_1, @table_stat_innodb_pages_written_1, @table_stat_io_index_inserts_1
FROM INFORMATION_SCHEMA.TABLE_STATISTICS
WHERE TABLE_NAME='t1' AND TABLE_SCHEMA='test';
SELECT ROWS_INSERTED, ROWS_UPDATED, ROWS_DELETED
INTO @user_stat_rows_inserted_1, @user_stat_rows_updated_1, @user_stat_rows_deleted_1
FROM INFORMATION_SCHEMA.USER_STATISTICS
WHERE USER_NAME='root';
SET innodb_fake_changes=1;
INSERT INTO t1 VALUES (4, lpad('a',12000,'b'));
ERROR HY000: Got error 131 during COMMIT
SET innodb_fake_changes=0;
SELECT VARIABLE_VALUE INTO @innodb_rows_inserted_2 FROM INFORMATION_SCHEMA.GLOBAL_STATUS WHERE VARIABLE_NAME = 'Innodb_rows_inserted';
SELECT VARIABLE_VALUE INTO @innodb_rows_deleted_2 FROM INFORMATION_SCHEMA.GLOBAL_STATUS WHERE VARIABLE_NAME = 'Innodb_rows_deleted';
SELECT VARIABLE_VALUE INTO @innodb_rows_updated_2 FROM INFORMATION_SCHEMA.GLOBAL_STATUS WHERE VARIABLE_NAME = 'Innodb_rows_updated';
SELECT VARIABLE_VALUE INTO @innodb_bp_pages_dirty FROM INFORMATION_SCHEMA.GLOBAL_STATUS WHERE VARIABLE_NAME = 'Innodb_buffer_pool_pages_dirty';
SELECT VARIABLE_VALUE INTO @innodb_bp_writes_2 FROM INFORMATION_SCHEMA.GLOBAL_STATUS WHERE VARIABLE_NAME = 'Innodb_buffer_pool_write_requests';
SELECT VARIABLE_VALUE INTO @innodb_max_trx_id_2 FROM INFORMATION_SCHEMA.GLOBAL_STATUS WHERE VARIABLE_NAME = 'Innodb_max_trx_id';
SET @innodb_max_trx_id_delta = @innodb_max_trx_id_2 - @innodb_max_trx_id_1;
SELECT MODIFIED_COUNTER AS should_be_0 FROM INFORMATION_SCHEMA.INNODB_SYS_TABLESTATS WHERE NAME LIKE 'test/t1';
should_be_0
0
SELECT ROWS_INSERTED, ROWS_UPDATED, ROWS_DELETED, IO_WRITE_REQUESTS, INNODB_PAGES_WRITTEN, IO_INDEX_INSERTS
INTO @table_stat_rows_inserted_2, @table_stat_rows_updated_2, @table_stat_rows_deleted_2,
@table_stat_io_write_requests_2, @table_stat_innodb_pages_written_2, @table_stat_io_index_inserts_2
FROM INFORMATION_SCHEMA.TABLE_STATISTICS
WHERE TABLE_NAME='t1' AND TABLE_SCHEMA='test';
SELECT ROWS_INSERTED, ROWS_UPDATED, ROWS_DELETED
INTO @user_stat_rows_inserted_2, @user_stat_rows_updated_2, @user_stat_rows_deleted_2
FROM INFORMATION_SCHEMA.USER_STATISTICS
WHERE USER_NAME='root';
CHECK TABLE t1;
Table	Op	Msg_type	Msg_text
test.t1	check	status	OK
should_be_1
1
SELECT @innodb_rows_inserted_2 - @innodb_rows_inserted_1 AS should_be_0;
should_be_0
0
SELECT @innodb_rows_deleted_2 - @innodb_rows_deleted_1 AS should_be_0;
should_be_0
0
SELECT @innodb_rows_updated_2 - @innodb_rows_updated_1 AS should_be_0;
should_be_0
0
SELECT @table_stat_rows_inserted_2 - @table_stat_rows_inserted_1 AS should_be_0;
should_be_0
0
SELECT @table_stat_rows_updated_2 - @table_stat_rows_updated_1 AS should_be_0;
should_be_0
0
SELECT @table_stat_rows_deleted_2 - @table_stat_rows_deleted_1 AS should_be_0;
should_be_0
0
SELECT @table_stat_io_index_inserts_2 - @table_stat_io_index_inserts_1 AS should_be_0;
should_be_0
0
SELECT @user_stat_rows_inserted_2 - @user_stat_rows_inserted_1 AS should_be_0;
should_be_0
0
SELECT @user_stat_rows_updated_2 - @user_stat_rows_updated_1 AS should_be_0;
should_be_0
0
SELECT @user_stat_rows_deleted_2 - @user_stat_rows_deleted_1 AS should_be_0;
should_be_0
0
SELECT @innodb_bp_pages_dirty <= IF(@innodb_max_trx_id_delta > 0, 1, 0) AS should_be_1;
should_be_1
1
SELECT @innodb_bp_writes_2 - @innodb_bp_writes_1
<= IF (@innodb_max_trx_id_delta > 0, @innodb_max_trx_id_delta DIV 256 + 1, 0) AS should_be_1;
should_be_1
1
SELECT @table_stat_io_write_requests_2 - @table_stat_io_write_requests_1
<= IF (@innodb_max_trx_id_delta > 0, @innodb_max_trx_id_delta DIV 256 + 1, 0) AS should_be_1;
should_be_1
1
SELECT @table_stat_innodb_pages_written_2 - @table_stat_innodb_pages_written_1
<= IF (@innodb_max_trx_id_delta > 0, @innodb_max_trx_id_delta DIV 256 + 1, 0) AS should_be_1;
should_be_1
1
SELECT * FROM t1;
id	data
1	
2	
3	
DROP TABLE t1;
CREATE TABLE t1 (a INT PRIMARY KEY, b INT) engine = InnoDB;
INSERT INTO t1 VALUES (1,2);
SET DEBUG_SYNC = 'row_log_apply_after SIGNAL created WAIT_FOR dml_done';
ALTER TABLE t1 ADD UNIQUE INDEX(b);
SET DEBUG_SYNC = 'now WAIT_FOR created';
SHOW INDEX FROM t1;
Table	Non_unique	Key_name	Seq_in_index	Column_name	Collation	Cardinality	Sub_part	Packed	Null	Index_type	Comment	Index_comment
t1	0	PRIMARY	1	a	A	1	NULL	NULL		BTREE		
SET innodb_fake_changes=1;
INSERT INTO t1 VALUES (3,9);
ERROR HY000: Got error 131 during COMMIT
INSERT INTO t1 VALUES (3,9);
ERROR HY000: Got error 131 during COMMIT
SET innodb_fake_changes=0;
SET DEBUG_SYNC = 'now SIGNAL dml_done';
INSERT INTO t1 VALUES (5,9);
SHOW INDEX FROM t1;
Table	Non_unique	Key_name	Seq_in_index	Column_name	Collation	Cardinality	Sub_part	Packed	Null	Index_type	Comment	Index_comment
t1	0	PRIMARY	1	a	A	2	NULL	NULL		BTREE		
t1	0	b	1	b	A	2	NULL	NULL	YES	BTREE		
DROP TABLE t1;
