DROP TABLE IF EXISTS t1;
DROP TABLE IF EXISTS t2;
SET GLOBAL innodb_doublewrite=2;
CREATE TABLE t1(a INT PRIMARY KEY AUTO_INCREMENT) ENGINE=innodb;
INSERT INTO t1 VALUES(NULL);
INSERT INTO t1 SELECT NULL FROM t1;
INSERT INTO t1 SELECT NULL FROM t1;
INSERT INTO t1 SELECT NULL FROM t1;
INSERT INTO t1 SELECT NULL FROM t1;
INSERT INTO t1 SELECT NULL FROM t1;
INSERT INTO t1 SELECT NULL FROM t1;
INSERT INTO t1 SELECT NULL FROM t1;
INSERT INTO t1 SELECT NULL FROM t1;
INSERT INTO t1 SELECT NULL FROM t1;
INSERT INTO t1 SELECT NULL FROM t1;
INSERT INTO t1 SELECT NULL FROM t1;
INSERT INTO t1 SELECT NULL FROM t1;
INSERT INTO t1 SELECT NULL FROM t1;
INSERT INTO t1 SELECT NULL FROM t1;
INSERT INTO t1 SELECT NULL FROM t1;
INSERT INTO t1 SELECT NULL FROM t1;
INSERT INTO t1 SELECT NULL FROM t1;
INSERT INTO t1 SELECT NULL FROM t1;
InnoDB: Cannot recover it from the doublewrite buffer because it was written in reduced-doublewrite mode.

SET GLOBAL innodb_doublewrite=1;
CREATE TABLE t2(a INT PRIMARY KEY AUTO_INCREMENT) ENGINE=innodb;
INSERT INTO t2 VALUES(NULL);
INSERT INTO t2 SELECT NULL FROM t2;
INSERT INTO t2 SELECT NULL FROM t2;
INSERT INTO t2 SELECT NULL FROM t2;
INSERT INTO t2 SELECT NULL FROM t2;
INSERT INTO t2 SELECT NULL FROM t2;
INSERT INTO t2 SELECT NULL FROM t2;
INSERT INTO t2 SELECT NULL FROM t2;
INSERT INTO t2 SELECT NULL FROM t2;
INSERT INTO t2 SELECT NULL FROM t2;
INSERT INTO t2 SELECT NULL FROM t2;
INSERT INTO t1 SELECT NULL FROM t2;
INSERT INTO t2 SELECT NULL FROM t2;
INSERT INTO t2 SELECT NULL FROM t2;
INSERT INTO t2 SELECT NULL FROM t2;
INSERT INTO t2 SELECT NULL FROM t2;
INSERT INTO t2 SELECT NULL FROM t2;
INSERT INTO t2 SELECT NULL FROM t2;
INSERT INTO t2 SELECT NULL FROM t2;
InnoDB: Trying to recover it from the doublewrite buffer.

DROP TABLE t1;
DROP TABLE t2;
